  Line,  Analysis,             Time Code,           Port,  Inj Nr,  d(18_16)Mean,    d(D_H)Mean,      H2O_Mean,  Ignore, Good,                            Identifier 1,                            Identifier 2,   Gas Configuration,Timestamp Mean,   d(18_16)_SD,     d(D_H)_SD,        H2O_SD,   d(18_16)_Sl,     d(D_H)_Sl,        H2O_Sl,baseline_shift,   slope_shift,     residuals,baseline_curvature,      interval,       ch4_ppm,  h16od_adjust,   h16od_shift,n2_flag,      DAS Temp,      Tray,  Sample,     Job,    Method,Error Code
     1,     P-148,   2016/10/16 13:32:22,           1-01,       1,       -20.694,      -161.648,         18225,      -1,    1,                                        ,                                        ,                 H2O, 1476646647.39,         0.187,         0.397,        39.526,        -0.000,         0.000,         0.945,        79.221,        40.271,         0.958,        56.784,         0.863,        -0.381,       -0.0000,       -0.0000,    0,        48.125,         1,       1,       1, DGK Test1,       0
     2,     P-148,   2016/10/16 13:41:19,           1-01,       2,       -20.669,      -161.214,         18889,      -1,    1,                                        ,                                        ,                 H2O, 1476647184.94,         0.196,         0.372,        42.732,        -0.000,        -0.000,         1.010,        82.514,        41.413,         1.006,        59.297,         0.864,        -0.327,       -0.0000,       -0.0000,    0,        48.000,         1,       1,       1, DGK Test1,       0
     3,     P-148,   2016/10/16 13:50:16,           1-01,       3,       -20.681,      -161.223,         18904,      -1,    1,                                        ,                                        ,                 H2O, 1476647721.78,         0.200,         0.355,        44.544,        -0.000,         0.001,         1.058,        82.642,        41.455,         0.979,        58.883,         0.865,        -0.451,       -0.0000,       -0.0000,    0,        47.938,         1,       1,       1, DGK Test1,       0
     4,     P-148,   2016/10/16 13:59:13,           1-01,       4,       -20.693,      -161.113,         18637,       0,    1,                                        ,                                        ,                 H2O, 1476648258.82,         0.192,         0.416,        45.421,         0.000,         0.002,         1.082,        81.042,        40.650,         1.011,        59.989,         0.864,        -0.160,       -0.0000,       -0.0000,    0,        47.875,         1,       1,       1, DGK Test1,       0
     5,     P-148,   2016/10/16 14:08:11,           1-01,       5,       -20.720,      -161.125,         18712,       0,    1,                                        ,                                        ,                 H2O, 1476648796.01,         0.192,         0.360,        46.327,        -0.001,         0.001,         1.103,        81.437,        40.890,         1.001,        59.817,         0.864,        -0.191,        0.0000,        0.0000,    0,        47.812,         1,       1,       1, DGK Test1,       0
     6,     P-148,   2016/10/16 14:17:07,           1-01,       6,       -20.697,      -161.134,         18858,       0,    1,                                        ,                                        ,                 H2O, 1476649332.96,         0.199,         0.350,        47.932,        -0.001,        -0.001,         1.134,        81.992,        41.778,         1.002,        59.313,         0.864,        -0.251,        0.0000,        0.0000,    0,        47.750,         1,       1,       1, DGK Test1,       0
     7,     P-148,   2016/10/16 14:26:03,           1-01,       7,       -20.696,      -161.057,         18661,       0,    1,                                        ,                                        ,                 H2O, 1476649868.99,         0.196,         0.367,        48.099,        -0.001,         0.000,         1.140,        81.035,        41.631,         0.974,        57.563,         0.863,        -0.395,        0.0000,        0.0000,    0,        47.875,         1,       1,       1, DGK Test1,       0
     8,     P-148,   2016/10/16 14:35:00,           1-01,       8,       -20.714,      -161.147,         19156,       0,    1,                                        ,                                        ,                 H2O, 1476650406.65,         0.207,         0.383,        49.729,        -0.002,         0.000,         1.177,        83.554,        42.121,         1.019,        61.063,         0.864,        -0.180,       -0.0000,       -0.0000,    0,        47.812,         1,       1,       1, DGK Test1,       0
     9,     P-148,   2016/10/16 14:43:57,           1-01,       9,       -20.712,      -161.064,         18931,       0,    1,                                        ,                                        ,                 H2O, 1476650943.31,         0.191,         0.371,        49.040,        -0.000,         0.000,         1.167,        82.428,        41.569,         1.021,        60.266,         0.865,        -0.227,       -0.0000,       -0.0000,    0,        47.875,         1,       1,       1, DGK Test1,       0
    10,     P-148,   2016/10/16 14:52:53,           1-01,      10,       -20.701,      -161.084,         18491,       0,    1,                                        ,                                        ,                 H2O, 1476651478.59,         0.183,         0.385,        48.733,        -0.001,         0.001,         1.153,        80.217,        40.765,         0.976,        58.232,         0.864,        -0.252,       -0.0000,       -0.0000,    0,        47.875,         1,       1,       1, DGK Test1,       0
    11,     P-149,   2016/10/16 15:02:43,           1-02,       1,        -0.525,       -11.132,         22689,      -1,    1,                                        ,                                        ,                 H2O, 1476652069.30,         0.196,         0.441,        54.205,        -0.002,        -0.005,         1.269,       102.179,        48.528,         1.267,        76.674,         0.868,        -0.113,        0.0000,        0.0000,    0,        47.875,         1,       2,       1, DGK Test1,       0
    12,     P-149,   2016/10/16 15:11:40,           1-02,       2,        -0.059,        -4.545,         18912,      -1,    1,                                        ,                                        ,                 H2O, 1476652606.20,         0.186,         0.519,        50.755,        -0.002,        -0.009,         1.201,        82.457,        41.331,         1.036,        61.246,         0.865,        -0.491,        0.0000,        0.0000,    0,        47.875,         1,       2,       1, DGK Test1,       0
    13,     P-149,   2016/10/16 15:20:37,           1-02,       3,        -0.159,        -4.301,         21124,      -1,    1,                                        ,                                        ,                 H2O, 1476653143.49,         0.204,         0.480,        52.933,        -0.001,        -0.007,         1.249,        93.927,        45.428,         1.166,        70.348,         0.866,        -0.436,        0.0000,        0.0000,    0,        47.938,         1,       2,       1, DGK Test1,       0
    14,     P-149,   2016/10/16 15:29:34,           1-02,       4,         0.123,        -1.989,         19141,       0,    1,                                        ,                                        ,                 H2O, 1476653679.79,         0.193,         0.491,        51.354,        -0.001,        -0.006,         1.214,        83.527,        41.803,         1.066,        62.781,         0.865,        -0.458,       -0.0000,       -0.0000,    0,        47.938,         1,       2,       1, DGK Test1,       0
    15,     P-149,   2016/10/16 15:38:31,           1-02,       5,         0.081,        -2.023,         20111,       0,    1,                                        ,                                        ,                 H2O, 1476654216.62,         0.215,         0.477,        52.370,        -0.001,        -0.007,         1.238,        88.590,        43.535,         1.113,        66.470,         0.865,        -0.381,        0.0000,        0.0000,    0,        47.938,         1,       2,       1, DGK Test1,       0
    16,     P-149,   2016/10/16 15:47:27,           1-02,       6,         0.120,        -1.434,         19998,       0,    1,                                        ,                                        ,                 H2O, 1476654752.47,         0.187,         0.477,        52.323,        -0.001,        -0.007,         1.237,        87.955,        43.371,         1.090,        66.295,         0.865,        -0.392,       -0.0000,       -0.0000,    0,        48.000,         1,       2,       1, DGK Test1,       0
    17,     P-149,   2016/10/16 15:56:24,           1-02,       7,         0.164,        -1.051,         18813,       0,    1,                                        ,                                        ,                 H2O, 1476655290.20,         0.202,         0.488,        51.860,        -0.002,        -0.007,         1.226,        81.782,        41.007,         1.049,        62.253,         0.864,        -0.359,       -0.0000,       -0.0000,    0,        48.000,         1,       2,       1, DGK Test1,       0
    18,     P-149,   2016/10/16 16:05:21,           1-02,       8,         0.204,        -0.847,         18666,       0,    1,                                        ,                                        ,                 H2O, 1476655826.12,         0.194,         0.430,        50.778,        -0.000,        -0.006,         1.210,        81.276,        40.622,         1.035,        60.712,         0.864,        -0.576,        0.0000,        0.0000,    0,        47.938,         1,       2,       1, DGK Test1,       0
    19,     P-149,   2016/10/16 16:14:17,           1-02,       9,         0.227,        -0.595,         18689,       0,    1,                                        ,                                        ,                 H2O, 1476656363.12,         0.193,         0.500,        50.379,        -0.001,        -0.007,         1.208,        81.276,        40.416,         1.051,        62.214,         0.864,        -0.339,       -0.0000,       -0.0000,    0,        48.000,         1,       2,       1, DGK Test1,       0
    20,     P-149,   2016/10/16 16:23:14,           1-02,      10,         0.130,        -0.917,         19654,       0,    1,                                        ,                                        ,                 H2O, 1476656899.78,         0.184,         0.441,        51.523,        -0.001,        -0.005,         1.225,        86.247,        42.698,         1.098,        64.563,         0.866,        -0.491,       -0.0000,       -0.0000,    0,        48.062,         1,       2,       1, DGK Test1,       0
    21,     P-150,   2016/10/16 16:33:05,           1-03,       1,       -28.928,      -221.510,         18998,      -1,    1,                                        ,                                        ,                 H2O, 1476657490.23,         0.196,         0.396,        51.626,         0.001,         0.004,         1.221,        82.660,        41.903,         1.010,        59.806,         0.864,        -0.085,       -0.0000,       -0.0000,    0,        48.062,         1,       3,       1, DGK Test1,       0
    22,     P-150,   2016/10/16 16:42:01,           1-03,       2,       -29.235,      -229.456,         19065,      -1,    1,                                        ,                                        ,                 H2O, 1476658027.47,         0.182,         0.512,        51.461,         0.000,         0.009,         1.225,        82.962,        42.273,         0.995,        59.362,         0.865,        -0.068,        0.0000,        0.0000,    0,        48.000,         1,       3,       1, DGK Test1,       0
    23,     P-150,   2016/10/16 16:50:58,           1-03,       3,       -29.354,      -231.537,         19358,      -1,    1,                                        ,                                        ,                 H2O, 1476658564.58,         0.189,         0.525,        51.868,        -0.000,         0.009,         1.236,        84.502,        42.571,         1.011,        61.318,         0.864,         0.026,        0.0000,        0.0000,    0,        48.062,         1,       3,       1, DGK Test1,       0
    24,     P-150,   2016/10/16 16:59:55,           1-03,       4,       -29.424,      -232.814,         18754,       0,    1,                                        ,                                        ,                 H2O, 1476659100.99,         0.187,         0.516,        51.394,         0.000,         0.009,         1.218,        81.413,        41.485,         0.988,        58.742,         0.863,        -0.141,       -0.0000,       -0.0000,    0,        48.062,         1,       3,       1, DGK Test1,       0
    25,     P-150,   2016/10/16 17:08:52,           1-03,       5,       -29.522,      -233.736,         18902,       0,    1,                                        ,                                        ,                 H2O, 1476659637.71,         0.201,         0.461,        51.227,        -0.000,         0.006,         1.213,        82.151,        41.748,         0.998,        59.259,         0.864,        -0.039,       -0.0000,       -0.0000,    0,        48.062,         1,       3,       1, DGK Test1,       0
    26,     P-150,   2016/10/16 17:17:49,           1-03,       6,       -29.534,      -234.333,         18671,       0,    1,                                        ,                                        ,                 H2O, 1476660174.19,         0.183,         0.452,        51.556,        -0.001,         0.006,         1.228,        80.866,        41.539,         0.961,        58.564,         0.864,        -0.044,       -0.0000,       -0.0000,    0,        48.125,         1,       3,       1, DGK Test1,       0
    27,     P-150,   2016/10/16 17:26:45,           1-03,       7,       -29.578,      -234.591,         18713,       0,    1,                                        ,                                        ,                 H2O, 1476660711.46,         0.198,         0.453,        51.179,        -0.000,         0.005,         1.220,        81.204,        41.655,         0.957,        57.515,         0.863,        -0.214,       -0.0000,       -0.0000,    0,        48.125,         1,       3,       1, DGK Test1,       0
    28,     P-150,   2016/10/16 17:35:42,           1-03,       8,       -29.600,      -234.773,         18825,       0,    1,                                        ,                                        ,                 H2O, 1476661247.45,         0.213,         0.473,        52.068,        -0.000,         0.006,         1.233,        81.602,        41.844,         1.001,        59.142,         0.864,         0.039,        0.0000,        0.0000,    0,        48.125,         1,       3,       1, DGK Test1,       0
    29,     P-150,   2016/10/16 17:44:39,           1-03,       9,       -29.595,      -234.991,         18932,       0,    1,                                        ,                                        ,                 H2O, 1476661784.68,         0.185,         0.417,        51.802,        -0.000,         0.005,         1.234,        82.156,        42.285,         0.971,        58.591,         0.864,        -0.032,        0.0000,        0.0000,    0,        48.000,         1,       3,       1, DGK Test1,       0
    30,     P-150,   2016/10/16 17:53:36,           1-03,      10,       -29.600,      -235.149,         18993,       0,    1,                                        ,                                        ,                 H2O, 1476662321.75,         0.179,         0.453,        52.208,        -0.001,         0.006,         1.244,        82.687,        41.903,         1.005,        59.441,         0.863,        -0.127,       -0.0000,       -0.0000,    0,        48.000,         1,       3,       1, DGK Test1,       0
    31,     P-151,   2016/10/16 18:03:23,           1-29,       1,       -20.915,      -164.882,         22505,      -1,    1,                                        ,                                        ,                 H2O, 1476662908.94,         0.198,         0.333,        56.189,        -0.001,         0.001,         1.317,       100.855,        49.407,         1.209,        72.537,         0.868,        -0.015,        0.0000,        0.0000,    0,        48.062,         1,      29,       2, DGK Test1,       0
    32,     P-151,   2016/10/16 18:12:20,           1-29,       2,       -20.805,      -162.218,         19551,      -1,    1,                                        ,                                        ,                 H2O, 1476663445.08,         0.189,         0.328,        52.932,        -0.001,         0.001,         1.258,        85.594,        43.161,         1.021,        61.047,         0.865,        -0.289,        0.0000,        0.0000,    0,        48.000,         1,      29,       2, DGK Test1,       0
    33,     P-151,   2016/10/16 18:21:15,           1-29,       3,       -20.762,      -161.779,         19743,      -1,    1,                                        ,                                        ,                 H2O, 1476663980.21,         0.190,         0.346,        53.694,        -0.001,         0.001,         1.271,        86.488,        43.799,         1.059,        61.638,         0.864,        -0.369,        0.0000,        0.0000,    0,        48.000,         1,      29,       2, DGK Test1,       0
    34,     P-151,   2016/10/16 18:30:11,           1-29,       4,       -20.779,      -161.448,         19502,       0,    1,                                        ,                                        ,                 H2O, 1476664516.84,         0.199,         0.353,        53.585,        -0.001,        -0.001,         1.268,        85.298,        43.113,         1.012,        61.019,         0.865,        -0.319,        0.0000,        0.0000,    0,        48.000,         1,      29,       2, DGK Test1,       0
    35,     P-151,   2016/10/16 18:39:06,           1-29,       5,       -20.756,      -161.342,         19018,       0,    1,                                        ,                                        ,                 H2O, 1476665052.19,         0.186,         0.414,        53.164,        -0.001,         0.001,         1.259,        82.590,        42.077,         1.017,        60.742,         0.864,        -0.083,       -0.0000,       -0.0000,    0,        47.938,         1,      29,       2, DGK Test1,       0
    36,     P-151,   2016/10/16 18:48:02,           1-29,       6,       -20.753,      -161.265,         19058,       0,    1,                                        ,                                        ,                 H2O, 1476665588.37,         0.197,         0.383,        53.128,        -0.000,         0.002,         1.257,        82.853,        42.237,         1.017,        60.289,         0.865,        -0.118,       -0.0000,       -0.0000,    0,        48.000,         1,      29,       2, DGK Test1,       0
    37,     P-151,   2016/10/16 18:56:58,           1-29,       7,       -20.755,      -161.168,         19080,       0,    1,                                        ,                                        ,                 H2O, 1476666123.81,         0.176,         0.352,        52.867,        -0.001,         0.002,         1.254,        82.997,        41.979,         1.029,        61.149,         0.863,        -0.107,       -0.0000,       -0.0000,    0,        48.000,         1,      29,       2, DGK Test1,       0
    38,     P-151,   2016/10/16 19:05:53,           1-29,       8,       -20.744,      -161.145,         18891,       0,    1,                                        ,                                        ,                 H2O, 1476666659.50,         0.194,         0.355,        52.288,        -0.001,         0.001,         1.246,        82.033,        41.850,         1.006,        59.782,         0.864,        -0.216,       -0.0000,       -0.0000,    0,        47.938,         1,      29,       2, DGK Test1,       0
    39,     P-151,   2016/10/16 19:14:50,           1-29,       9,       -20.742,      -161.147,         18898,       0,    1,                                        ,                                        ,                 H2O, 1476667195.65,         0.198,         0.372,        52.103,        -0.001,         0.001,         1.242,        82.046,        41.653,         1.022,        60.645,         0.863,        -0.084,        0.0000,        0.0000,    0,        47.875,         1,      29,       2, DGK Test1,       0
    40,     P-151,   2016/10/16 19:23:46,           1-29,      10,       -20.745,      -161.160,         19013,       0,    1,                                        ,                                        ,                 H2O, 1476667731.22,         0.193,         0.396,        52.910,        -0.001,         0.002,         1.253,        82.910,        41.789,         0.997,        59.496,         0.864,        -0.371,       -0.0000,       -0.0000,    0,        47.875,         1,      29,       2, DGK Test1,       0
    41,     P-152,   2016/10/16 19:33:33,           1-30,       1,        -0.524,       -11.539,         21332,      -1,    1,                                        ,                                        ,                 H2O, 1476668318.82,         0.182,         0.447,        54.740,        -0.001,        -0.004,         1.294,        94.802,        45.958,         1.197,        71.719,         0.865,        -0.181,        0.0000,        0.0000,    0,        47.875,         1,      30,       2, DGK Test1,       0
    42,     P-152,   2016/10/16 19:42:29,           1-30,       2,        -0.279,        -6.082,         19040,      -1,    1,                                        ,                                        ,                 H2O, 1476668855.04,         0.190,         0.544,        52.359,        -0.001,        -0.009,         1.247,        83.014,        41.439,         1.055,        62.527,         0.864,        -0.384,       -0.0000,       -0.0000,    0,        47.812,         1,      30,       2, DGK Test1,       0
    43,     P-152,   2016/10/16 19:51:25,           1-30,       3,        -0.229,        -4.658,         18862,      -1,    1,                                        ,                                        ,                 H2O, 1476669390.56,         0.209,         0.522,        52.531,        -0.001,        -0.008,         1.251,        81.940,        41.103,         1.064,        62.769,         0.864,        -0.192,       -0.0000,       -0.0000,    0,        47.875,         1,      30,       2, DGK Test1,       0
    44,     P-152,   2016/10/16 20:00:21,           1-30,       4,        -0.160,        -3.784,         18778,       0,    1,                                        ,                                        ,                 H2O, 1476669927.03,         0.223,         0.546,        51.419,        -0.002,        -0.009,         1.224,        81.640,        40.701,         1.057,        62.527,         0.864,        -0.373,       -0.0000,       -0.0000,    0,        47.875,         1,      30,       2, DGK Test1,       0
    45,     P-152,   2016/10/16 20:09:16,           1-30,       5,        -0.054,        -3.158,         18707,       0,    1,                                        ,                                        ,                 H2O, 1476670461.59,         0.206,         0.487,        52.340,        -0.002,        -0.007,         1.245,        81.315,        40.942,         1.046,        60.942,         0.865,        -0.505,        0.0000,        0.0000,    0,        47.875,         1,      30,       2, DGK Test1,       0
    46,     P-152,   2016/10/16 20:18:12,           1-30,       6,        -0.046,        -2.638,         18971,       0,    1,                                        ,                                        ,                 H2O, 1476670997.89,         0.191,         0.452,        52.041,        -0.001,        -0.006,         1.233,        82.689,        41.236,         1.050,        62.362,         0.864,        -0.396,       -0.0000,       -0.0000,    0,        47.875,         1,      30,       2, DGK Test1,       0
    47,     P-152,   2016/10/16 20:27:07,           1-30,       7,         0.003,        -2.145,         19012,       0,    1,                                        ,                                        ,                 H2O, 1476671533.08,         0.188,         0.436,        52.365,        -0.002,        -0.006,         1.241,        82.779,        41.276,         1.079,        63.288,         0.864,        -0.287,       -0.0000,       -0.0000,    0,        47.938,         1,      30,       2, DGK Test1,       0
    48,     P-152,   2016/10/16 20:36:04,           1-30,       8,         0.015,        -2.179,         19058,       0,    1,                                        ,                                        ,                 H2O, 1476672069.61,         0.181,         0.474,        53.041,        -0.001,        -0.005,         1.263,        83.093,        41.368,         1.047,        62.944,         0.864,        -0.374,       -0.0000,       -0.0000,    0,        47.875,         1,      30,       2, DGK Test1,       0
    49,     P-152,   2016/10/16 20:45:00,           1-30,       9,         0.044,        -1.745,         18846,       0,    1,                                        ,                                        ,                 H2O, 1476672605.71,         0.205,         0.470,        52.953,        -0.001,        -0.006,         1.253,        82.004,        41.174,         1.040,        61.514,         0.864,        -0.522,       -0.0000,       -0.0000,    0,        48.000,         1,      30,       2, DGK Test1,       0
    50,     P-152,   2016/10/16 20:53:56,           1-30,      10,         0.087,        -1.496,         18755,       0,    1,                                        ,                                        ,                 H2O, 1476673141.82,         0.194,         0.445,        52.361,        -0.001,        -0.005,         1.247,        81.746,        40.594,         1.063,        61.424,         0.865,        -0.468,       -0.0000,       -0.0000,    0,        48.000,         1,      30,       2, DGK Test1,       0
    51,     P-153,   2016/10/16 21:03:44,           1-31,       1,       -28.649,      -220.202,         22063,      -1,    1,                                        ,                                        ,                 H2O, 1476673729.75,         0.196,         0.357,        57.159,        -0.000,         0.003,         1.343,        98.543,        48.388,         1.167,        70.408,         0.865,         0.076,       -0.0000,       -0.0000,    0,        47.938,         1,      31,       2, DGK Test1,       0
    52,     P-153,   2016/10/16 21:12:40,           1-31,       2,       -29.081,      -228.148,         18975,      -1,    1,                                        ,                                        ,                 H2O, 1476674265.90,         0.196,         0.551,        53.074,         0.001,         0.009,         1.257,        82.510,        42.219,         0.979,        58.625,         0.864,        -0.187,       -0.0000,       -0.0000,    0,        48.000,         1,      31,       2, DGK Test1,       0
    53,     P-153,   2016/10/16 21:21:36,           1-31,       3,       -29.268,      -230.873,         19029,      -1,    1,                                        ,                                        ,                 H2O, 1476674802.06,         0.170,         0.549,        53.206,         0.000,         0.009,         1.261,        82.744,        42.120,         1.003,        59.820,         0.864,        -0.052,        0.0000,        0.0000,    0,        48.000,         1,      31,       2, DGK Test1,       0
    54,     P-153,   2016/10/16 21:30:32,           1-31,       4,       -29.327,      -231.945,         18795,       0,    1,                                        ,                                        ,                 H2O, 1476675337.70,         0.180,         0.478,        52.552,        -0.001,         0.008,         1.245,        81.713,        41.741,         0.962,        57.688,         0.863,        -0.256,        0.0000,        0.0000,    0,        48.000,         1,      31,       2, DGK Test1,       0
    55,     P-153,   2016/10/16 21:39:27,           1-31,       5,       -29.377,      -232.511,         18863,       0,    1,                                        ,                                        ,                 H2O, 1476675872.82,         0.178,         0.451,        51.936,         0.001,         0.007,         1.237,        82.259,        41.611,         0.962,        57.488,         0.864,        -0.368,       -0.0000,       -0.0000,    0,        48.000,         1,      31,       2, DGK Test1,       0
    56,     P-153,   2016/10/16 21:48:24,           1-31,       6,       -29.434,      -233.068,         18942,       0,    1,                                        ,                                        ,                 H2O, 1476676409.95,         0.200,         0.442,        52.612,        -0.000,         0.005,         1.254,        82.393,        42.076,         1.008,        58.336,         0.863,        -0.148,        0.0000,        0.0000,    0,        48.000,         1,      31,       2, DGK Test1,       0
    57,     P-153,   2016/10/16 21:57:20,           1-31,       7,       -29.526,      -233.893,         18803,       0,    1,                                        ,                                        ,                 H2O, 1476676945.68,         0.181,         0.445,        51.938,        -0.000,         0.006,         1.231,        81.624,        41.638,         1.004,        58.544,         0.863,        -0.159,        0.0000,        0.0000,    0,        48.062,         1,      31,       2, DGK Test1,       0
    58,     P-153,   2016/10/16 22:06:16,           1-31,       8,       -29.472,      -233.730,         19097,       0,    1,                                        ,                                        ,                 H2O, 1476677481.22,         0.172,         0.397,        52.764,        -0.000,         0.004,         1.258,        83.063,        42.557,         0.994,        59.002,         0.864,        -0.143,        0.0000,        0.0000,    0,        48.062,         1,      31,       2, DGK Test1,       0
    59,     P-153,   2016/10/16 22:15:11,           1-31,       9,       -29.571,      -234.606,         18680,       0,    1,                                        ,                                        ,                 H2O, 1476678016.96,         0.180,         0.395,        51.751,        -0.001,         0.004,         1.228,        80.950,        41.360,         0.958,        58.612,         0.862,        -0.071,       -0.0000,       -0.0000,    0,        48.062,         1,      31,       2, DGK Test1,       0
    60,     P-153,   2016/10/16 22:24:07,           1-31,      10,       -29.561,      -234.430,         18940,       0,    1,                                        ,                                        ,                 H2O, 1476678553.52,         0.201,         0.434,        51.967,         0.000,         0.005,         1.247,        82.238,        41.716,         1.009,        60.282,         0.863,         0.062,        0.0000,        0.0000,    0,        48.000,         1,      31,       2, DGK Test1,       0
    61,     P-154,   2016/10/16 22:33:56,           1-59,       1,       -20.848,      -164.702,         20472,      -1,    1,                                        ,                                        ,                 H2O, 1476679141.81,         0.192,         0.402,        53.682,        -0.001,         0.001,         1.269,        90.102,        45.297,         1.094,        65.270,         0.865,        -0.147,        0.0000,        0.0000,    0,        48.000,         1,      59,       3, DGK Test1,       0
    62,     P-154,   2016/10/16 22:42:51,           1-59,       2,       -20.783,      -162.399,         18777,      -1,    1,                                        ,                                        ,                 H2O, 1476679677.12,         0.191,         0.324,        52.390,        -0.001,         0.000,         1.247,        81.488,        41.817,         0.999,        58.377,         0.864,        -0.308,        0.0000,        0.0000,    0,        48.062,         1,      59,       3, DGK Test1,       0
    63,     P-154,   2016/10/16 22:51:45,           1-59,       3,       -20.740,      -161.797,         18959,      -1,    1,                                        ,                                        ,                 H2O, 1476680211.07,         0.190,         0.363,        52.414,        -0.000,        -0.001,         1.249,        82.498,        41.834,         1.001,        59.782,         0.864,        -0.289,       -0.0000,       -0.0000,    0,        48.000,         1,      59,       3, DGK Test1,       0
    64,     P-154,   2016/10/16 23:00:40,           1-59,       4,       -20.741,      -161.478,         18929,       0,    1,                                        ,                                        ,                 H2O, 1476680746.20,         0.198,         0.391,        52.619,        -0.001,         0.000,         1.246,        82.367,        41.645,         1.020,        59.872,         0.864,        -0.254,        0.0000,        0.0000,    0,        48.000,         1,      59,       3, DGK Test1,       0
    65,     P-154,   2016/10/16 23:09:36,           1-59,       5,       -20.721,      -161.392,         18833,       0,    1,                                        ,                                        ,                 H2O, 1476681281.36,         0.194,         0.408,        52.149,        -0.001,        -0.000,         1.243,        81.980,        41.356,         1.015,        59.326,         0.864,        -0.366,       -0.0000,       -0.0000,    0,        48.000,         1,      59,       3, DGK Test1,       0
    66,     P-154,   2016/10/16 23:18:32,           1-59,       6,       -20.733,      -161.243,         18808,       0,    1,                                        ,                                        ,                 H2O, 1476681817.52,         0.189,         0.371,        51.828,        -0.000,         0.002,         1.226,        81.737,        41.598,         0.976,        58.992,         0.865,        -0.309,        0.0000,        0.0000,    0,        48.062,         1,      59,       3, DGK Test1,       0
    67,     P-154,   2016/10/16 23:27:27,           1-59,       7,       -20.709,      -161.217,         18794,       0,    1,                                        ,                                        ,                 H2O, 1476682352.31,         0.200,         0.402,        52.121,        -0.000,         0.001,         1.243,        81.651,        41.686,         0.976,        58.481,         0.863,        -0.298,       -0.0000,       -0.0000,    0,        48.062,         1,      59,       3, DGK Test1,       0
    68,     P-154,   2016/10/16 23:36:21,           1-59,       8,       -20.762,      -161.179,         18787,       0,    1,                                        ,                                        ,                 H2O, 1476682887.43,         0.196,         0.384,        52.917,        -0.001,         0.001,         1.254,        81.406,        42.101,         1.011,        58.465,         0.864,        -0.191,       -0.0000,       -0.0000,    0,        48.062,         1,      59,       3, DGK Test1,       0
    69,     P-154,   2016/10/16 23:45:17,           1-59,       9,       -20.716,      -160.977,         18529,       0,    1,                                        ,                                        ,                 H2O, 1476683422.73,         0.169,         0.365,        51.889,        -0.001,         0.000,         1.231,        80.305,        40.900,         0.981,        58.483,         0.863,        -0.220,       -0.0000,       -0.0000,    0,        48.062,         1,      59,       3, DGK Test1,       0
    70,     P-154,   2016/10/16 23:54:12,           1-59,      10,       -20.737,      -161.032,         18602,       0,    1,                                        ,                                        ,                 H2O, 1476683958.34,         0.194,         0.365,        51.925,        -0.001,         0.001,         1.237,        80.564,        41.222,         0.991,        58.716,         0.864,        -0.196,        0.0000,        0.0000,    0,        48.062,         1,      59,       3, DGK Test1,       0
    71,     P-155,   2016/10/17 00:04:03,           1-60,       1,        -0.299,       -10.186,         20899,      -1,    1,                                        ,                                        ,                 H2O, 1476684548.47,         0.218,         0.412,        54.478,        -0.002,        -0.003,         1.288,        92.391,        45.379,         1.186,        69.999,         0.865,        -0.096,       -0.0000,       -0.0000,    0,        48.062,         1,      60,       3, DGK Test1,       0
    72,     P-155,   2016/10/17 00:12:58,           1-60,       2,        -0.128,        -5.052,         18499,      -1,    1,                                        ,                                        ,                 H2O, 1476685083.59,         0.209,         0.572,        52.718,        -0.002,        -0.009,         1.257,        80.256,        40.427,         1.031,        60.354,         0.864,        -0.499,       -0.0000,       -0.0000,    0,        48.062,         1,      60,       3, DGK Test1,       0
    73,     P-155,   2016/10/17 00:21:53,           1-60,       3,        -0.179,        -4.539,         18600,      -1,    1,                                        ,                                        ,                 H2O, 1476685618.28,         0.193,         0.515,        51.525,        -0.001,        -0.008,         1.228,        80.937,        40.276,         1.042,        60.792,         0.863,        -0.523,       -0.0000,       -0.0000,    0,        48.000,         1,      60,       3, DGK Test1,       0
    74,     P-155,   2016/10/17 00:30:47,           1-60,       4,        -0.065,        -3.274,         18781,       0,    1,                                        ,                                        ,                 H2O, 1476686153.19,         0.209,         0.505,        52.186,        -0.001,        -0.008,         1.236,        81.697,        41.055,         1.052,        61.170,         0.864,        -0.528,       -0.0000,       -0.0000,    0,        48.125,         1,      60,       3, DGK Test1,       0
    75,     P-155,   2016/10/17 00:39:43,           1-60,       5,        -0.050,        -2.685,         18708,       0,    1,                                        ,                                        ,                 H2O, 1476686688.42,         0.202,         0.484,        52.578,        -0.002,        -0.007,         1.245,        81.392,        40.524,         1.042,        61.643,         0.864,        -0.390,        0.0000,        0.0000,    0,        48.062,         1,      60,       3, DGK Test1,       0
    76,     P-155,   2016/10/17 00:48:38,           1-60,       6,        -0.307,        -4.703,         19986,       0,    1,                                        ,                                        ,                 H2O, 1476687223.50,         0.186,         0.450,        53.943,        -0.001,        -0.005,         1.276,        87.958,        43.267,         1.099,        65.776,         0.865,        -0.435,        0.0000,        0.0000,    0,        48.062,         1,      60,       3, DGK Test1,       0
    77,     P-155,   2016/10/17 00:57:33,           1-60,       7,        -0.026,        -2.482,         18751,       0,    1,                                        ,                                        ,                 H2O, 1476687758.80,         0.187,         0.453,        53.147,        -0.001,        -0.006,         1.259,        81.447,        40.816,         1.030,        61.885,         0.864,        -0.287,        0.0000,        0.0000,    0,        48.062,         1,      60,       3, DGK Test1,       0
    78,     P-155,   2016/10/17 01:06:28,           1-60,       8,         0.070,        -1.635,         18378,       0,    1,                                        ,                                        ,                 H2O, 1476688294.39,         0.200,         0.437,        51.791,        -0.001,        -0.006,         1.234,        79.597,        40.060,         1.031,        60.661,         0.864,        -0.411,       -0.0000,       -0.0000,    0,        48.000,         1,      60,       3, DGK Test1,       0
    79,     P-155,   2016/10/17 01:15:24,           1-60,       9,         0.070,        -1.478,         19264,       0,    1,                                        ,                                        ,                 H2O, 1476688829.60,         0.192,         0.445,        53.284,        -0.001,        -0.005,         1.263,        84.196,        41.833,         1.068,        63.313,         0.864,        -0.427,        0.0000,        0.0000,    0,        48.000,         1,      60,       3, DGK Test1,       0
    80,     P-155,   2016/10/17 01:24:20,           1-60,      10,         0.133,        -1.022,         18805,       0,    1,                                        ,                                        ,                 H2O, 1476689365.36,         0.201,         0.454,        52.021,        -0.002,        -0.006,         1.240,        81.784,        40.831,         1.040,        62.378,         0.863,        -0.377,       -0.0000,       -0.0000,    0,        47.938,         1,      60,       3, DGK Test1,       0
    81,     P-156,   2016/10/17 01:34:09,           1-61,       1,       -28.959,      -222.587,         21703,      -1,    1,                                        ,                                        ,                 H2O, 1476689955.31,         0.180,         0.389,        55.257,         0.000,         0.002,         1.299,        96.673,        48.251,         1.116,        67.156,         0.865,        -0.114,        0.0000,        0.0000,    0,        48.062,         1,      61,       3, DGK Test1,       0
    82,     P-156,   2016/10/17 01:43:05,           1-61,       2,       -29.345,      -230.394,         19053,      -1,    1,                                        ,                                        ,                 H2O, 1476690490.50,         0.167,         0.584,        53.342,         0.000,         0.011,         1.265,        82.689,        42.632,         1.000,        59.179,         0.863,        -0.007,        0.0000,        0.0000,    0,        48.000,         1,      61,       3, DGK Test1,       0
    83,     P-156,   2016/10/17 01:52:01,           1-61,       3,       -29.410,      -232.062,         18859,      -1,    1,                                        ,                                        ,                 H2O, 1476691027.03,         0.200,         0.523,        52.672,        -0.000,         0.009,         1.249,        82.071,        42.076,         0.939,        56.849,         0.863,        -0.447,       -0.0000,       -0.0000,    0,        48.000,         1,      61,       3, DGK Test1,       0
    84,     P-156,   2016/10/17 02:00:56,           1-61,       4,       -29.451,      -232.792,         18610,       0,    1,                                        ,                                        ,                 H2O, 1476691561.67,         0.181,         0.446,        52.080,        -0.000,         0.006,         1.241,        80.580,        41.274,         0.991,        58.323,         0.864,        -0.076,       -0.0000,       -0.0000,    0,        47.938,         1,      61,       3, DGK Test1,       0
    85,     P-156,   2016/10/17 02:09:51,           1-61,       5,       -29.521,      -233.614,         18598,       0,    1,                                        ,                                        ,                 H2O, 1476692096.92,         0.180,         0.486,        52.120,        -0.000,         0.008,         1.252,        80.454,        41.302,         0.993,        58.374,         0.863,         0.014,       -0.0000,       -0.0000,    0,        47.938,         1,      61,       3, DGK Test1,       0
    86,     P-156,   2016/10/17 02:18:46,           1-61,       6,       -29.549,      -234.218,         18494,       0,    1,                                        ,                                        ,                 H2O, 1476692631.72,         0.173,         0.459,        51.374,        -0.001,         0.006,         1.226,        80.161,        40.916,         0.955,        57.268,         0.862,        -0.180,       -0.0000,       -0.0000,    0,        47.938,         1,      61,       3, DGK Test1,       0
    87,     P-156,   2016/10/17 02:27:41,           1-61,       7,       -29.603,      -234.591,         18566,       0,    1,                                        ,                                        ,                 H2O, 1476693167.08,         0.193,         0.433,        52.412,        -0.001,         0.006,         1.242,        80.354,        40.787,         1.010,        59.296,         0.864,         0.156,        0.0000,        0.0000,    0,        48.000,         1,      61,       3, DGK Test1,       0
    88,     P-156,   2016/10/17 02:36:36,           1-61,       8,       -29.619,      -234.972,         18433,       0,    1,                                        ,                                        ,                 H2O, 1476693702.10,         0.191,         0.460,        52.154,        -0.001,         0.007,         1.237,        79.685,        40.875,         0.984,        57.759,         0.863,         0.035,       -0.0000,       -0.0000,    0,        47.875,         1,      61,       3, DGK Test1,       0
    89,     P-156,   2016/10/17 02:45:31,           1-61,       9,       -29.597,      -235.006,         18967,       0,    1,                                        ,                                        ,                 H2O, 1476694237.62,         0.185,         0.412,        51.958,        -0.000,         0.005,         1.241,        82.368,        42.037,         1.028,        59.639,         0.863,        -0.004,       -0.0000,       -0.0000,    0,        47.812,         1,      61,       3, DGK Test1,       0
    90,     P-156,   2016/10/17 02:54:26,           1-61,      10,       -29.614,      -235.130,         18700,       0,    1,                                        ,                                        ,                 H2O, 1476694771.84,         0.199,         0.459,        51.689,        -0.000,         0.006,         1.233,        81.156,        41.787,         0.937,        56.706,         0.863,        -0.270,       -0.0000,       -0.0000,    0,        47.875,         1,      61,       3, DGK Test1,       0
    91,     P-157,   2016/10/17 03:04:16,           1-01,       1,       -20.839,      -164.569,         20739,      -1,    1,                                        ,                                        ,                 H2O, 1476695361.86,         0.196,         0.364,        53.726,        -0.001,         0.002,         1.271,        91.628,        45.967,         1.094,        64.940,         0.864,        -0.209,       -0.0000,       -0.0000,    0,        47.875,         1,       1,       4, DGK Test1,       0
    92,     P-157,   2016/10/17 03:13:14,           1-01,       2,       -20.736,      -162.249,         18442,      -1,    1,                                        ,                                        ,                 H2O, 1476695900.06,         0.175,         0.373,        51.534,        -0.000,         0.000,         1.235,        79.979,        40.725,         0.962,        57.336,         0.864,        -0.384,       -0.0000,       -0.0000,    0,        47.875,         1,       1,       4, DGK Test1,       0
    93,     P-157,   2016/10/17 03:22:11,           1-01,       3,       -20.695,      -161.574,         18518,      -1,    1,                                        ,                                        ,                 H2O, 1476696436.19,         0.170,         0.342,        51.499,        -0.001,        -0.000,         1.228,        80.173,        40.733,         1.013,        59.422,         0.863,        -0.026,        0.0000,        0.0000,    0,        47.875,         1,       1,       4, DGK Test1,       0
    94,     P-157,   2016/10/17 03:31:07,           1-01,       4,       -20.675,      -161.288,         18769,       0,    1,                                        ,                                        ,                 H2O, 1476696972.57,         0.187,         0.391,        52.032,        -0.001,         0.001,         1.232,        81.402,        41.619,         0.984,        59.314,         0.864,        -0.208,       -0.0000,       -0.0000,    0,        47.938,         1,       1,       4, DGK Test1,       0
    95,     P-157,   2016/10/17 03:40:03,           1-01,       5,       -20.682,      -161.121,         18951,       0,    1,                                        ,                                        ,                 H2O, 1476697508.72,         0.180,         0.395,        52.536,        -0.001,        -0.001,         1.245,        82.403,        41.716,         1.013,        60.409,         0.864,        -0.135,       -0.0000,       -0.0000,    0,        47.875,         1,       1,       4, DGK Test1,       0
    96,     P-157,   2016/10/17 03:49:00,           1-01,       6,       -20.700,      -161.119,         18564,       0,    1,                                        ,                                        ,                 H2O, 1476698046.00,         0.217,         0.353,        52.680,        -0.001,         0.001,         1.248,        80.376,        41.339,         0.989,        58.016,         0.863,        -0.171,        0.0000,        0.0000,    0,        48.000,         1,       1,       4, DGK Test1,       0
    97,     P-157,   2016/10/17 03:57:57,           1-01,       7,       -20.665,      -161.014,         18420,       0,    1,                                        ,                                        ,                 H2O, 1476698582.71,         0.210,         0.353,        52.392,        -0.001,         0.000,         1.242,        79.773,        40.876,         0.977,        57.375,         0.863,        -0.347,        0.0000,        0.0000,    0,        48.000,         1,       1,       4, DGK Test1,       0
    98,     P-157,   2016/10/17 04:06:53,           1-01,       8,       -20.706,      -161.021,         18527,       0,    1,                                        ,                                        ,                 H2O, 1476699118.91,         0.195,         0.350,        51.832,        -0.001,        -0.000,         1.235,        80.116,        40.898,         1.021,        59.227,         0.864,        -0.047,       -0.0000,       -0.0000,    0,        48.000,         1,       1,       4, DGK Test1,       0
    99,     P-157,   2016/10/17 04:15:50,           1-01,       9,       -20.662,      -160.957,         19163,       0,    1,                                        ,                                        ,                 H2O, 1476699656.03,         0.192,         0.382,        52.087,        -0.000,         0.002,         1.235,        83.643,        42.285,         0.997,        59.702,         0.864,        -0.376,        0.0000,        0.0000,    0,        45.750,         1,       1,       4, DGK Test1,       0
   100,     P-157,   2016/10/17 04:24:47,           1-01,      10,       -20.685,      -160.932,         18658,       0,    1,                                        ,                                        ,                 H2O, 1476700192.61,         0.180,         0.392,        52.101,        -0.000,        -0.000,         1.242,        80.994,        41.210,         0.993,        58.384,         0.863,        -0.344,       -0.0000,       -0.0000,    0,        44.562,         1,       1,       4, DGK Test1,       0
   101,     P-158,   2016/10/17 04:34:38,           1-02,       1,        -0.213,        -9.242,         21511,      -1,    1,                                        ,                                        ,                 H2O, 1476700783.32,         0.199,         0.404,        54.643,        -0.001,        -0.004,         1.283,        95.878,        46.395,         1.205,        71.543,         0.866,        -0.377,        0.0000,        0.0000,    0,        44.250,         1,       2,       4, DGK Test1,       0
   102,     P-158,   2016/10/17 04:43:34,           1-02,       2,         0.004,        -4.220,         18425,      -1,    1,                                        ,                                        ,                 H2O, 1476701319.98,         0.186,         0.576,        52.455,        -0.001,        -0.009,         1.249,        79.788,        40.152,         1.061,        61.115,         0.864,        -0.403,       -0.0000,       -0.0000,    0,        44.062,         1,       2,       4, DGK Test1,       0
   103,     P-158,   2016/10/17 04:52:31,           1-02,       3,         0.066,        -2.885,         18747,      -1,    1,                                        ,                                        ,                 H2O, 1476701856.64,         0.203,         0.527,        52.293,        -0.001,        -0.008,         1.246,        81.527,        40.386,         1.065,        62.952,         0.864,        -0.356,        0.0000,        0.0000,    0,        44.000,         1,       2,       4, DGK Test1,       0
   104,     P-158,   2016/10/17 05:01:28,           1-02,       4,         0.072,        -2.247,         18924,       0,    1,                                        ,                                        ,                 H2O, 1476702394.20,         0.186,         0.511,        52.235,        -0.001,        -0.007,         1.236,        82.245,        41.294,         1.079,        62.743,         0.865,        -0.273,        0.0000,        0.0000,    0,        43.875,         1,       2,       4, DGK Test1,       0
   105,     P-158,   2016/10/17 05:10:25,           1-02,       5,         0.091,        -1.618,         18893,       0,    1,                                        ,                                        ,                 H2O, 1476702931.14,         0.215,         0.527,        52.033,        -0.000,        -0.008,         1.238,        82.006,        41.257,         1.066,        62.680,         0.865,        -0.206,       -0.0000,       -0.0000,    0,        43.938,         1,       2,       4, DGK Test1,       0
   106,     P-158,   2016/10/17 05:19:21,           1-02,       6,         0.178,        -1.118,         18605,       0,    1,                                        ,                                        ,                 H2O, 1476703467.10,         0.210,         0.507,        52.030,        -0.001,        -0.007,         1.238,        80.876,        40.580,         1.035,        59.987,         0.865,        -0.585,       -0.0000,       -0.0000,    0,        43.938,         1,       2,       4, DGK Test1,       0
   107,     P-158,   2016/10/17 05:28:19,           1-02,       7,         0.188,        -1.152,         18411,       0,    1,                                        ,                                        ,                 H2O, 1476704004.12,         0.196,         0.491,        51.849,        -0.001,        -0.007,         1.228,        79.942,        39.881,         1.014,        60.498,         0.863,        -0.513,       -0.0000,       -0.0000,    0,        43.875,         1,       2,       4, DGK Test1,       0
   108,     P-158,   2016/10/17 05:37:15,           1-02,       8,         0.181,        -0.799,         18564,       0,    1,                                        ,                                        ,                 H2O, 1476704540.93,         0.194,         0.399,        51.559,        -0.001,        -0.004,         1.229,        80.526,        40.678,         1.015,        60.545,         0.864,        -0.495,        0.0000,        0.0000,    0,        43.875,         1,       2,       4, DGK Test1,       0
   109,     P-158,   2016/10/17 05:46:12,           1-02,       9,         0.168,        -0.604,         18544,       0,    1,                                        ,                                        ,                 H2O, 1476705078.08,         0.205,         0.462,        52.139,        -0.001,        -0.005,         1.242,        80.409,        40.428,         1.023,        60.885,         0.864,        -0.468,        0.0000,        0.0000,    0,        43.812,         1,       2,       4, DGK Test1,       0
   110,     P-158,   2016/10/17 05:55:09,           1-02,      10,         0.238,        -0.447,         18685,       0,    1,                                        ,                                        ,                 H2O, 1476705615.04,         0.209,         0.478,        52.020,        -0.002,        -0.007,         1.238,        81.293,        40.556,         1.044,        61.146,         0.864,        -0.527,       -0.0000,       -0.0000,    0,        43.812,         1,       2,       4, DGK Test1,       0
   111,     P-159,   2016/10/17 06:05:00,           1-03,       1,       -28.823,      -221.218,         20816,      -1,    1,                                        ,                                        ,                 H2O, 1476706205.34,         0.185,         0.417,        54.478,         0.000,         0.003,         1.279,        92.036,        45.792,         1.079,        65.576,         0.866,        -0.038,       -0.0000,       -0.0000,    0,        43.875,         1,       3,       4, DGK Test1,       0
   112,     P-159,   2016/10/17 06:13:57,           1-03,       2,       -29.171,      -229.065,         18681,      -1,    1,                                        ,                                        ,                 H2O, 1476706743.05,         0.172,         0.589,        52.365,         0.000,         0.011,         1.247,        81.000,        41.676,         0.959,        57.317,         0.864,        -0.203,       -0.0000,       -0.0000,    0,        43.875,         1,       3,       4, DGK Test1,       0
   113,     P-159,   2016/10/17 06:22:53,           1-03,       3,       -29.356,      -231.667,         18571,      -1,    1,                                        ,                                        ,                 H2O, 1476707278.33,         0.186,         0.569,        52.279,        -0.000,         0.010,         1.244,        80.469,        41.156,         0.969,        57.558,         0.865,        -0.081,       -0.0000,       -0.0000,    0,        43.938,         1,       3,       4, DGK Test1,       0
   114,     P-159,   2016/10/17 06:31:49,           1-03,       4,       -29.358,      -232.146,         18715,       0,    1,                                        ,                                        ,                 H2O, 1476707816.29,         0.173,         0.541,        51.820,         0.000,         0.009,         1.236,        81.130,        41.217,         0.987,        59.411,         0.863,         0.075,        0.0000,        0.0000,    0,        43.875,         1,       3,       4, DGK Test1,       0
   115,     P-159,   2016/10/17 06:40:47,           1-03,       5,       -29.473,      -233.389,         18367,       0,    1,                                        ,                                        ,                 H2O, 1476708352.40,         0.190,         0.418,        52.107,        -0.000,         0.007,         1.240,        79.204,        41.026,         0.948,        57.377,         0.864,        -0.000,        0.0000,        0.0000,    0,        43.812,         1,       3,       4, DGK Test1,       0
   116,     P-159,   2016/10/17 06:49:43,           1-03,       6,       -29.528,      -234.162,         18699,       0,    1,                                        ,                                        ,                 H2O, 1476708888.85,         0.179,         0.441,        51.717,        -0.000,         0.006,         1.224,        81.228,        41.449,         0.949,        57.430,         0.864,        -0.192,       -0.0000,       -0.0000,    0,        43.812,         1,       3,       4, DGK Test1,       0
   117,     P-159,   2016/10/17 06:58:40,           1-03,       7,       -29.479,      -234.260,         18577,       0,    1,                                        ,                                        ,                 H2O, 1476709426.08,         0.184,         0.453,        52.164,        -0.000,         0.006,         1.243,        80.565,        41.294,         0.954,        57.089,         0.864,        -0.270,       -0.0000,       -0.0000,    0,        43.812,         1,       3,       4, DGK Test1,       0
   118,     P-159,   2016/10/17 07:07:37,           1-03,       8,       -29.543,      -234.579,         18464,       0,    1,                                        ,                                        ,                 H2O, 1476709962.57,         0.195,         0.436,        52.683,        -0.001,         0.006,         1.255,        79.991,        40.981,         0.955,        56.670,         0.864,        -0.164,       -0.0000,       -0.0000,    0,        43.812,         1,       3,       4, DGK Test1,       0
   119,     P-159,   2016/10/17 07:16:34,           1-03,       9,       -29.563,      -234.816,         18664,       0,    1,                                        ,                                        ,                 H2O, 1476710499.68,         0.197,         0.448,        52.163,        -0.000,         0.005,         1.236,        81.029,        41.162,         0.982,        58.048,         0.863,        -0.146,        0.0000,        0.0000,    0,        43.750,         1,       3,       4, DGK Test1,       0
   120,     P-159,   2016/10/17 07:25:31,           1-03,      10,       -29.564,      -234.847,         18742,       0,    1,                                        ,                                        ,                 H2O, 1476711036.49,         0.187,         0.424,        51.955,        -0.001,         0.006,         1.237,        81.212,        41.860,         0.977,        57.800,         0.865,        -0.184,       -0.0000,       -0.0000,    0,        43.750,         1,       3,       4, DGK Test1,       0
   121,     P-160,   2016/10/17 07:35:18,           1-29,       1,       -20.942,      -165.193,         19976,      -1,    1,                                        ,                                        ,                 H2O, 1476711623.71,         0.192,         0.307,        53.001,        -0.001,         0.003,         1.260,        87.739,        44.352,         1.028,        61.861,         0.865,        -0.372,       -0.0000,       -0.0000,    0,        43.812,         1,      29,       5, DGK Test1,       0
   122,     P-160,   2016/10/17 07:44:13,           1-29,       2,       -20.812,      -162.565,         18334,      -1,    1,                                        ,                                        ,                 H2O, 1476712159.40,         0.180,         0.387,        52.079,        -0.001,        -0.000,         1.240,        79.320,        40.532,         0.974,        57.495,         0.865,        -0.324,        0.0000,        0.0000,    0,        43.750,         1,      29,       5, DGK Test1,       0
   123,     P-160,   2016/10/17 07:53:09,           1-29,       3,       -20.730,      -161.754,         18733,      -1,    1,                                        ,                                        ,                 H2O, 1476712695.29,         0.205,         0.353,        52.379,        -0.001,         0.001,         1.247,        81.465,        41.525,         0.989,        57.771,         0.864,        -0.446,       -0.0000,       -0.0000,    0,        43.750,         1,      29,       5, DGK Test1,       0
   124,     P-160,   2016/10/17 08:02:05,           1-29,       4,       -20.762,      -161.514,         18792,       0,    1,                                        ,                                        ,                 H2O, 1476713230.85,         0.198,         0.370,        52.282,        -0.000,        -0.001,         1.236,        81.657,        41.392,         0.997,        59.315,         0.865,        -0.216,       -0.0000,       -0.0000,    0,        43.750,         1,      29,       5, DGK Test1,       0
   125,     P-160,   2016/10/17 08:11:01,           1-29,       5,       -20.761,      -161.310,         18499,       0,    1,                                        ,                                        ,                 H2O, 1476713767.15,         0.195,         0.343,        52.001,        -0.001,         0.001,         1.239,        80.252,        40.822,         0.977,        57.598,         0.864,        -0.406,        0.0000,        0.0000,    0,        43.750,         1,      29,       5, DGK Test1,       0
   126,     P-160,   2016/10/17 08:19:56,           1-29,       6,       -20.727,      -161.150,         18672,       0,    1,                                        ,                                        ,                 H2O, 1476714302.12,         0.182,         0.372,        51.238,        -0.001,         0.002,         1.220,        81.094,        40.947,         0.983,        59.342,         0.864,        -0.314,       -0.0000,       -0.0000,    0,        43.750,         1,      29,       5, DGK Test1,       0
   127,     P-160,   2016/10/17 08:28:52,           1-29,       7,       -20.719,      -161.122,         18741,       0,    1,                                        ,                                        ,                 H2O, 1476714837.40,         0.186,         0.399,        52.225,        -0.000,         0.001,         1.243,        81.452,        41.462,         0.966,        58.354,         0.864,        -0.381,        0.0000,        0.0000,    0,        43.750,         1,      29,       5, DGK Test1,       0
   128,     P-160,   2016/10/17 08:37:48,           1-29,       8,       -20.718,      -161.044,         18514,       0,    1,                                        ,                                        ,                 H2O, 1476715373.91,         0.176,         0.358,        52.032,        -0.000,         0.001,         1.231,        80.179,        41.284,         0.955,        57.299,         0.865,        -0.322,       -0.0000,       -0.0000,    0,        43.750,         1,      29,       5, DGK Test1,       0
   129,     P-160,   2016/10/17 08:46:45,           1-29,       9,       -20.744,      -161.021,         18407,       0,    1,                                        ,                                        ,                 H2O, 1476715910.02,         0.234,         0.364,        51.601,        -0.001,         0.001,         1.228,        79.538,        40.653,         1.002,        58.826,         0.865,        -0.061,       -0.0000,       -0.0000,    0,        43.750,         1,      29,       5, DGK Test1,       0
   130,     P-160,   2016/10/17 08:55:41,           1-29,      10,       -20.702,      -160.930,         18957,       0,    1,                                        ,                                        ,                 H2O, 1476716446.46,         0.201,         0.401,        52.523,        -0.001,         0.001,         1.251,        82.513,        41.521,         1.012,        60.453,         0.864,        -0.207,        0.0000,        0.0000,    0,        43.750,         1,      29,       5, DGK Test1,       0
   131,     P-161,   2016/10/17 09:05:29,           1-30,       1,        -0.252,        -9.587,         20295,      -1,    1,                                        ,                                        ,                 H2O, 1476717034.03,         0.196,         0.437,        53.374,        -0.002,        -0.004,         1.267,        89.579,        43.534,         1.124,        67.612,         0.867,        -0.331,       -0.0000,       -0.0000,    0,        43.750,         1,      30,       5, DGK Test1,       0
   132,     P-161,   2016/10/17 09:14:25,           1-30,       2,        -0.050,        -4.305,         18267,      -1,    1,                                        ,                                        ,                 H2O, 1476717570.08,         0.213,         0.565,        51.923,        -0.002,        -0.009,         1.243,        79.039,        39.756,         1.041,        59.800,         0.865,        -0.391,        0.0000,        0.0000,    0,        43.688,         1,      30,       5, DGK Test1,       0
   133,     P-161,   2016/10/17 09:23:20,           1-30,       3,         0.067,        -2.760,         18503,      -1,    1,                                        ,                                        ,                 H2O, 1476718105.77,         0.218,         0.580,        52.020,        -0.002,        -0.009,         1.239,        80.296,        40.440,         1.023,        60.067,         0.864,        -0.554,       -0.0000,       -0.0000,    0,        43.625,         1,      30,       5, DGK Test1,       0
   134,     P-161,   2016/10/17 09:32:16,           1-30,       4,         0.055,        -2.384,         18680,       0,    1,                                        ,                                        ,                 H2O, 1476718641.95,         0.202,         0.486,        51.593,        -0.001,        -0.006,         1.229,        81.149,        40.637,         1.056,        61.366,         0.864,        -0.497,       -0.0000,       -0.0000,    0,        43.750,         1,      30,       5, DGK Test1,       0
   135,     P-161,   2016/10/17 09:41:13,           1-30,       5,         0.106,        -1.881,         18182,       0,    1,                                        ,                                        ,                 H2O, 1476719178.58,         0.199,         0.497,        51.005,        -0.001,        -0.007,         1.213,        78.686,        39.673,         0.999,        59.188,         0.865,        -0.516,        0.0000,        0.0000,    0,        43.688,         1,      30,       5, DGK Test1,       0
   136,     P-161,   2016/10/17 09:50:09,           1-30,       6,         0.137,        -1.316,         18190,       0,    1,                                        ,                                        ,                 H2O, 1476719714.38,         0.218,         0.483,        51.709,        -0.001,        -0.006,         1.232,        78.477,        39.703,         1.033,        60.650,         0.864,        -0.264,        0.0000,        0.0000,    0,        43.625,         1,      30,       5, DGK Test1,       0
   137,     P-161,   2016/10/17 09:59:05,           1-30,       7,         0.191,        -0.880,         18646,       0,    1,                                        ,                                        ,                 H2O, 1476720250.64,         0.194,         0.460,        52.069,        -0.002,        -0.005,         1.238,        80.787,        40.749,         1.050,        61.963,         0.865,        -0.283,       -0.0000,       -0.0000,    0,        43.688,         1,      30,       5, DGK Test1,       0
   138,     P-161,   2016/10/17 10:08:01,           1-30,       8,         0.190,        -0.773,         18265,       0,    1,                                        ,                                        ,                 H2O, 1476720787.17,         0.194,         0.429,        51.777,        -0.001,        -0.004,         1.227,        79.014,        39.618,         1.022,        60.627,         0.864,        -0.335,        0.0000,        0.0000,    0,        43.688,         1,      30,       5, DGK Test1,       0
   139,     P-161,   2016/10/17 10:16:57,           1-30,       9,         0.196,        -0.540,         18508,       0,    1,                                        ,                                        ,                 H2O, 1476721322.92,         0.189,         0.453,        51.312,        -0.001,        -0.005,         1.222,        80.269,        40.054,         1.058,        61.729,         0.865,        -0.352,       -0.0000,       -0.0000,    0,        43.688,         1,      30,       5, DGK Test1,       0
   140,     P-161,   2016/10/17 10:25:53,           1-30,      10,         0.218,        -0.478,         18412,       0,    1,                                        ,                                        ,                 H2O, 1476721859.15,         0.216,         0.443,        52.096,        -0.001,        -0.005,         1.239,        79.823,        39.868,         1.035,        60.880,         0.865,        -0.419,       -0.0000,       -0.0000,    0,        43.750,         1,      30,       5, DGK Test1,       0
   141,     P-162,   2016/10/17 10:35:41,           1-31,       1,       -28.909,      -221.676,         20888,      -1,    1,                                        ,                                        ,                 H2O, 1476722446.81,         0.183,         0.378,        53.970,         0.000,         0.002,         1.275,        92.515,        46.480,         1.071,        63.521,         0.866,        -0.352,        0.0000,        0.0000,    0,        43.750,         1,      31,       5, DGK Test1,       0
   142,     P-162,   2016/10/17 10:44:37,           1-31,       2,       -29.277,      -229.625,         18957,      -1,    1,                                        ,                                        ,                 H2O, 1476722983.32,         0.194,         0.568,        53.064,         0.001,         0.010,         1.263,        82.396,        42.138,         1.005,        58.578,         0.864,        -0.133,        0.0000,        0.0000,    0,        43.688,         1,      31,       5, DGK Test1,       0
   143,     P-162,   2016/10/17 10:53:33,           1-31,       3,       -29.434,      -231.976,         18828,      -1,    1,                                        ,                                        ,                 H2O, 1476723518.64,         0.194,         0.539,        52.484,        -0.000,         0.009,         1.252,        81.619,        42.001,         0.988,        58.274,         0.863,        -0.033,       -0.0000,       -0.0000,    0,        43.750,         1,      31,       5, DGK Test1,       0
   144,     P-162,   2016/10/17 11:02:29,           1-31,       4,       -29.518,      -233.318,         18728,       0,    1,                                        ,                                        ,                 H2O, 1476724054.55,         0.181,         0.480,        51.857,        -0.001,         0.008,         1.235,        81.179,        41.875,         0.968,        57.494,         0.864,        -0.194,        0.0000,        0.0000,    0,        43.688,         1,      31,       5, DGK Test1,       0
   145,     P-162,   2016/10/17 11:11:25,           1-31,       5,       -29.552,      -233.747,         18524,       0,    1,                                        ,                                        ,                 H2O, 1476724591.32,         0.185,         0.493,        51.339,        -0.000,         0.007,         1.222,        80.313,        41.081,         0.947,        56.731,         0.865,        -0.285,        0.0000,        0.0000,    0,        43.625,         1,      31,       5, DGK Test1,       0
   146,     P-162,   2016/10/17 11:20:22,           1-31,       6,       -29.582,      -234.166,         18719,       0,    1,                                        ,                                        ,                 H2O, 1476725127.90,         0.177,         0.433,        51.623,        -0.000,         0.005,         1.230,        81.095,        41.641,         0.987,        58.205,         0.864,        -0.067,       -0.0000,       -0.0000,    0,        43.688,         1,      31,       5, DGK Test1,       0
   147,     P-162,   2016/10/17 11:29:18,           1-31,       7,       -29.570,      -234.476,         18675,       0,    1,                                        ,                                        ,                 H2O, 1476725663.61,         0.208,         0.457,        52.807,        -0.000,         0.006,         1.257,        81.218,        41.183,         0.943,        57.255,         0.865,        -0.291,        0.0000,        0.0000,    0,        43.688,         1,      31,       5, DGK Test1,       0
   148,     P-162,   2016/10/17 11:38:15,           1-31,       8,       -29.574,      -234.710,         18869,       0,    1,                                        ,                                        ,                 H2O, 1476726200.78,         0.198,         0.446,        52.646,        -0.000,         0.005,         1.247,        82.042,        41.660,         0.988,        58.587,         0.864,        -0.162,        0.0000,        0.0000,    0,        43.750,         1,      31,       5, DGK Test1,       0
   149,     P-162,   2016/10/17 11:47:10,           1-31,       9,       -29.604,      -234.938,         18563,       0,    1,                                        ,                                        ,                 H2O, 1476726735.97,         0.187,         0.428,        51.643,        -0.000,         0.006,         1.225,        80.530,        40.930,         0.974,        57.681,         0.863,        -0.209,       -0.0000,       -0.0000,    0,        43.688,         1,      31,       5, DGK Test1,       0
   150,     P-162,   2016/10/17 11:56:07,           1-31,      10,       -29.612,      -235.033,         18427,       0,    1,                                        ,                                        ,                 H2O, 1476727272.55,         0.179,         0.447,        51.253,        -0.001,         0.005,         1.220,        79.843,        40.830,         0.946,        56.661,         0.864,        -0.297,        0.0000,        0.0000,    0,        43.625,         1,      31,       5, DGK Test1,       0
   151,     P-163,   2016/10/17 12:05:55,           1-59,       1,       -20.890,      -164.839,         18910,      -1,    1,                                        ,                                        ,                 H2O, 1476727860.96,         0.197,         0.389,        52.925,        -0.001,         0.001,         1.253,        82.070,        41.819,         1.026,        60.147,         0.864,        -0.102,       -0.0000,       -0.0000,    0,        43.750,         1,      59,       6, DGK Test1,       0
   152,     P-163,   2016/10/17 12:14:51,           1-59,       2,       -20.786,      -162.136,         18412,      -1,    1,                                        ,                                        ,                 H2O, 1476728397.02,         0.186,         0.358,        51.181,        -0.001,        -0.001,         1.219,        79.416,        40.423,         1.018,        60.046,         0.864,         0.103,        0.0000,        0.0000,    0,        45.062,         1,      59,       6, DGK Test1,       0
   153,     P-163,   2016/10/17 12:23:46,           1-59,       3,       -20.742,      -161.754,         18523,      -1,    1,                                        ,                                        ,                 H2O, 1476728931.67,         0.201,         0.406,        51.000,        -0.001,         0.001,         1.214,        80.360,        40.733,         0.999,        58.165,         0.864,        -0.265,       -0.0000,       -0.0000,    0,        47.000,         1,      59,       6, DGK Test1,       0
   154,     P-163,   2016/10/17 12:32:41,           1-59,       4,       -20.731,      -161.325,         18328,       0,    1,                                        ,                                        ,                 H2O, 1476729467.41,         0.191,         0.399,        51.917,        -0.001,         0.000,         1.237,        79.375,        40.409,         0.978,        57.227,         0.864,        -0.371,        0.0000,        0.0000,    0,        47.500,         1,      59,       6, DGK Test1,       0
   155,     P-163,   2016/10/17 12:41:36,           1-59,       5,       -20.702,      -161.153,         18772,       0,    1,                                        ,                                        ,                 H2O, 1476730001.68,         0.205,         0.395,        51.659,        -0.001,         0.001,         1.233,        81.760,        41.510,         0.973,        57.593,         0.862,        -0.476,        0.0000,        0.0000,    0,        47.750,         1,      59,       6, DGK Test1,       0
   156,     P-163,   2016/10/17 12:50:31,           1-59,       6,       -20.699,      -161.159,         18428,       0,    1,                                        ,                                        ,                 H2O, 1476730537.60,         0.189,         0.396,        51.897,        -0.001,         0.000,         1.230,        79.882,        40.777,         0.953,        57.263,         0.863,        -0.441,        0.0000,        0.0000,    0,        47.875,         1,      59,       6, DGK Test1,       0
   157,     P-163,   2016/10/17 12:59:26,           1-59,       7,       -20.702,      -161.160,         18396,       0,    1,                                        ,                                        ,                 H2O, 1476731071.68,         0.181,         0.349,        51.338,        -0.000,         0.001,         1.218,        79.681,        40.614,         0.981,        57.642,         0.863,        -0.376,        0.0000,        0.0000,    0,        47.875,         1,      59,       6, DGK Test1,       0
   158,     P-163,   2016/10/17 13:08:21,           1-59,       8,       -20.707,      -160.960,         18179,       0,    1,                                        ,                                        ,                 H2O, 1476731607.77,         0.181,         0.381,        49.704,        -0.000,         0.001,         1.186,        78.604,        39.843,         0.962,        57.708,         0.863,        -0.263,       -0.0000,       -0.0000,    0,        47.938,         1,      59,       6, DGK Test1,       0
   159,     P-163,   2016/10/17 13:17:16,           1-59,       9,       -20.708,      -161.110,         18473,       0,    1,                                        ,                                        ,                 H2O, 1476732142.44,         0.184,         0.356,        50.946,        -0.000,         0.001,         1.215,        79.980,        40.625,         0.989,        59.049,         0.863,        -0.188,        0.0000,        0.0000,    0,        48.000,         1,      59,       6, DGK Test1,       0
   160,     P-163,   2016/10/17 13:26:11,           1-59,      10,       -20.702,      -160.967,         18587,       0,    1,                                        ,                                        ,                 H2O, 1476732676.88,         0.175,         0.373,        51.124,         0.000,         0.000,         1.219,        80.623,        41.133,         0.998,        57.974,         0.864,        -0.323,       -0.0000,       -0.0000,    0,        47.938,         1,      59,       6, DGK Test1,       0
   161,     P-164,   2016/10/17 13:36:02,           1-60,       1,        -0.329,       -10.492,         18984,      -1,    1,                                        ,                                        ,                 H2O, 1476733267.07,         0.216,         0.403,        51.925,        -0.002,        -0.003,         1.238,        82.663,        41.147,         1.085,        63.069,         0.863,        -0.299,        0.0000,        0.0000,    0,        47.812,         1,      60,       6, DGK Test1,       0
   162,     P-164,   2016/10/17 13:44:57,           1-60,       2,        -0.025,        -4.303,         18298,      -1,    1,                                        ,                                        ,                 H2O, 1476733802.99,         0.213,         0.522,        51.274,        -0.002,        -0.009,         1.216,        79.345,        39.867,         1.016,        59.224,         0.862,        -0.633,        0.0000,        0.0000,    0,        47.688,         1,      60,       6, DGK Test1,       0
   163,     P-164,   2016/10/17 13:53:52,           1-60,       3,         0.051,        -3.041,         18749,      -1,    1,                                        ,                                        ,                 H2O, 1476734337.98,         0.209,         0.530,        52.529,        -0.002,        -0.008,         1.243,        81.538,        40.919,         1.024,        61.146,         0.864,        -0.521,        0.0000,        0.0000,    0,        47.750,         1,      60,       6, DGK Test1,       0
   164,     P-164,   2016/10/17 14:02:47,           1-60,       4,         0.094,        -2.087,         18376,       0,    1,                                        ,                                        ,                 H2O, 1476734873.24,         0.188,         0.493,        52.334,        -0.001,        -0.007,         1.240,        79.550,        39.648,         1.064,        62.100,         0.863,        -0.221,       -0.0000,       -0.0000,    0,        47.750,         1,      60,       6, DGK Test1,       0
   165,     P-164,   2016/10/17 14:11:42,           1-60,       5,         0.155,        -1.540,         18275,       0,    1,                                        ,                                        ,                 H2O, 1476735408.33,         0.188,         0.499,        50.707,        -0.000,        -0.006,         1.201,        79.057,        40.079,         0.986,        59.288,         0.863,        -0.466,       -0.0000,       -0.0000,    0,        47.812,         1,      60,       6, DGK Test1,       0
   166,     P-164,   2016/10/17 14:20:38,           1-60,       6,         0.122,        -1.229,         18484,       0,    1,                                        ,                                        ,                 H2O, 1476735943.40,         0.205,         0.458,        51.999,        -0.002,        -0.005,         1.232,        80.179,        39.774,         1.051,        62.130,         0.864,        -0.364,        0.0000,        0.0000,    0,        47.750,         1,      60,       6, DGK Test1,       0
   167,     P-164,   2016/10/17 14:29:33,           1-60,       7,         0.163,        -1.024,         18468,       0,    1,                                        ,                                        ,                 H2O, 1476736478.78,         0.207,         0.455,        51.320,        -0.002,        -0.006,         1.224,        80.082,        40.128,         1.045,        60.886,         0.863,        -0.445,       -0.0000,       -0.0000,    0,        47.750,         1,      60,       6, DGK Test1,       0
   168,     P-164,   2016/10/17 14:38:28,           1-60,       8,         0.148,        -0.910,         18566,       0,    1,                                        ,                                        ,                 H2O, 1476737012.82,         0.183,         0.495,        51.545,        -0.001,        -0.006,         1.222,        80.511,        40.498,         1.038,        61.328,         0.864,        -0.423,       -0.0000,       -0.0000,    0,        47.688,         1,      60,       6, DGK Test1,       0
   169,     P-164,   2016/10/17 14:47:23,           1-60,       9,         0.205,        -0.690,         18480,       0,    1,                                        ,                                        ,                 H2O, 1476737548.59,         0.205,         0.432,        50.932,        -0.001,        -0.004,         1.214,        80.186,        40.214,         1.015,        60.749,         0.863,        -0.502,        0.0000,        0.0000,    0,        47.688,         1,      60,       6, DGK Test1,       0
   170,     P-164,   2016/10/17 14:56:18,           1-60,      10,         0.174,        -0.582,         18462,       0,    1,                                        ,                                        ,                 H2O, 1476738083.43,         0.199,         0.408,        51.557,        -0.001,        -0.004,         1.223,        79.977,        40.343,         1.022,        60.596,         0.863,        -0.444,        0.0000,        0.0000,    0,        47.688,         1,      60,       6, DGK Test1,       0
   171,     P-165,   2016/10/17 15:06:07,           1-61,       1,       -28.846,      -220.587,         18757,      -1,    1,                                        ,                                        ,                 H2O, 1476738672.88,         0.191,         0.395,        51.343,         0.001,         0.002,         1.226,        81.397,        41.040,         1.011,        60.205,         0.862,        -0.035,       -0.0000,       -0.0000,    0,        47.688,         1,      61,       6, DGK Test1,       0
   172,     P-165,   2016/10/17 15:15:02,           1-61,       2,       -29.210,      -229.275,         18742,      -1,    1,                                        ,                                        ,                 H2O, 1476739207.77,         0.182,         0.543,        51.406,        -0.000,         0.010,         1.218,        81.331,        41.413,         0.985,        58.676,         0.863,        -0.160,       -0.0000,       -0.0000,    0,        47.688,         1,      61,       6, DGK Test1,       0
   173,     P-165,   2016/10/17 15:23:58,           1-61,       3,       -29.367,      -231.575,         18641,      -1,    1,                                        ,                                        ,                 H2O, 1476739743.72,         0.177,         0.520,        51.159,         0.001,         0.009,         1.219,        80.767,        41.433,         0.975,        57.663,         0.863,        -0.141,       -0.0000,       -0.0000,    0,        47.688,         1,      61,       6, DGK Test1,       0
   174,     P-165,   2016/10/17 15:32:53,           1-61,       4,       -29.426,      -232.814,         18309,       0,    1,                                        ,                                        ,                 H2O, 1476740279.30,         0.192,         0.510,        50.642,         0.000,         0.008,         1.208,        79.253,        40.610,         0.931,        56.146,         0.862,        -0.298,        0.0000,        0.0000,    0,        47.688,         1,      61,       6, DGK Test1,       0
   175,     P-165,   2016/10/17 15:41:48,           1-61,       5,       -29.375,      -232.813,         18875,       0,    1,                                        ,                                        ,                 H2O, 1476740813.44,         0.192,         0.472,        51.933,        -0.000,         0.007,         1.232,        81.913,        41.753,         1.002,        59.552,         0.863,        -0.021,       -0.0000,       -0.0000,    0,        47.688,         1,      61,       6, DGK Test1,       0
   176,     P-165,   2016/10/17 15:50:43,           1-61,       6,       -29.458,      -233.454,         18531,       0,    1,                                        ,                                        ,                 H2O, 1476741349.08,         0.179,         0.452,        51.896,        -0.001,         0.006,         1.237,        80.112,        41.430,         0.952,        57.341,         0.863,        -0.069,       -0.0000,       -0.0000,    0,        47.750,         1,      61,       6, DGK Test1,       0
   177,     P-165,   2016/10/17 15:59:39,           1-61,       7,       -29.520,      -234.174,         18616,       0,    1,                                        ,                                        ,                 H2O, 1476741884.44,         0.186,         0.431,        51.982,        -0.000,         0.006,         1.240,        80.748,        41.132,         0.982,        57.799,         0.864,        -0.136,        0.0000,        0.0000,    0,        47.750,         1,      61,       6, DGK Test1,       0
   178,     P-165,   2016/10/17 16:08:34,           1-61,       8,       -29.547,      -234.535,         18256,       0,    1,                                        ,                                        ,                 H2O, 1476742419.15,         0.185,         0.459,        51.541,         0.000,         0.006,         1.229,        79.105,        40.095,         0.947,        56.566,         0.863,        -0.324,       -0.0000,       -0.0000,    0,        47.750,         1,      61,       6, DGK Test1,       0
   179,     P-165,   2016/10/17 16:17:29,           1-61,       9,       -29.602,      -234.940,         18382,       0,    1,                                        ,                                        ,                 H2O, 1476742954.01,         0.178,         0.413,        51.029,         0.000,         0.005,         1.218,        79.494,        40.613,         0.964,        57.426,         0.862,        -0.152,        0.0000,        0.0000,    0,        47.750,         1,      61,       6, DGK Test1,       0
   180,     P-165,   2016/10/17 16:26:24,           1-61,      10,       -29.588,      -234.977,         18580,       0,    1,                                        ,                                        ,                 H2O, 1476743490.00,         0.203,         0.383,        51.536,        -0.000,         0.004,         1.221,        80.625,        41.258,         0.942,        56.825,         0.863,        -0.273,        0.0000,        0.0000,    0,        47.750,         1,      61,       6, DGK Test1,       0
